{
  "adaptive": {
    "brier": 0.4074509692928475,
    "log_loss": 0.7290974497643471
  },
  "baseline": {
    "brier": 0.40340247184851324,
    "log_loss": 0.7232286053515516
  },
  "comparison_sample_size": 28,
  "decision": "monitor",
  "delta": {
    "brier": 0.004048497444334276,
    "log_loss": 0.005868844412795449
  },
  "generated_at_utc": "2026-07-23T22:27:28.928062+00:00",
  "message": "Adaptive probabilities remain inside the rollback guardrail, but the next completed forecasts should be watched closely.",
  "minimum_sample_size": 20,
  "schema_version": 1,
  "thresholds": {
    "max_brier_regression": 0.015,
    "max_log_loss_regression": 0.03
  }
}