{
  "adaptive": {
    "brier": 0.38565842116098964,
    "log_loss": 0.6991534616423968
  },
  "baseline": {
    "brier": 0.38129850083632194,
    "log_loss": 0.6928331676593863
  },
  "comparison_sample_size": 26,
  "decision": "monitor",
  "delta": {
    "brier": 0.004359920324667699,
    "log_loss": 0.006320293983010483
  },
  "generated_at_utc": "2026-07-18T20:57:40.757199+00:00",
  "message": "Adaptive probabilities remain inside the rollback guardrail, but the next completed forecasts should be watched closely.",
  "minimum_sample_size": 20,
  "schema_version": 1,
  "thresholds": {
    "max_brier_regression": 0.015,
    "max_log_loss_regression": 0.03
  }
}