{
  "adaptive": {
    "brier": 0.39335683370369373,
    "log_loss": 0.709487362884169
  },
  "baseline": {
    "brier": 0.3891583919095693,
    "log_loss": 0.7034011538634922
  },
  "comparison_sample_size": 27,
  "decision": "monitor",
  "delta": {
    "brier": 0.00419844179412443,
    "log_loss": 0.006086209020676803
  },
  "generated_at_utc": "2026-07-19T03:57:04.205213+00:00",
  "message": "Adaptive probabilities remain inside the rollback guardrail, but the next completed forecasts should be watched closely.",
  "minimum_sample_size": 20,
  "schema_version": 1,
  "thresholds": {
    "max_brier_regression": 0.015,
    "max_log_loss_regression": 0.03
  }
}