{
  "eligible_completed_predictions": 8,
  "accuracy": 0.5,
  "log_loss": 1.0767569362697822,
  "multiclass_brier": 0.66387181438275
}