{
  "eligible_completed_predictions": 11,
  "accuracy": 0.36363636363636365,
  "log_loss": 1.2570478514155796,
  "multiclass_brier": 0.7975394452104545
}