{
  "eligible_completed_predictions": 14,
  "accuracy": 0.42857142857142855,
  "log_loss": 1.1671461880341707,
  "multiclass_brier": 0.7320167440918571
}