{
  "eligible_completed_predictions": 9,
  "accuracy": 0.4444444444444444,
  "log_loss": 1.2246779004233848,
  "multiclass_brier": 0.7676077077995556
}