{
  "eligible_completed_predictions": 4,
  "accuracy": 0.5,
  "log_loss": 1.173831511865503,
  "multiclass_brier": 0.74401068249475
}