{
  "eligible_completed_predictions": 64,
  "accuracy": 0.609375,
  "log_loss": 0.9232306848749878,
  "multiclass_brier": 0.5495354749763437
}