{
  "eligible_completed_predictions": 29,
  "accuracy": 0.5517241379310345,
  "log_loss": 0.9940406376421709,
  "multiclass_brier": 0.6032492153663792
}