{
  "eligible_completed_predictions": 44,
  "accuracy": 0.6136363636363636,
  "log_loss": 0.9565564354298686,
  "multiclass_brier": 0.578771593759
}