{
  "eligible_completed_predictions": 35,
  "accuracy": 0.5428571428571428,
  "log_loss": 1.010762312456541,
  "multiclass_brier": 0.6172793547624
}