{
  "eligible_completed_predictions": 6,
  "accuracy": 0.5,
  "log_loss": 1.0243713548573499,
  "multiclass_brier": 0.6316404150016667
}