{
  "eligible_completed_predictions": 33,
  "accuracy": 0.5757575757575758,
  "log_loss": 0.9842911600241986,
  "multiclass_brier": 0.5969458698058788
}