{
  "eligible_completed_predictions": 50,
  "accuracy": 0.62,
  "log_loss": 0.9405060419906538,
  "multiclass_brier": 0.5650707014604999
}