{
  "eligible_completed_predictions": 37,
  "accuracy": 0.5675675675675675,
  "log_loss": 0.9922716215753801,
  "multiclass_brier": 0.6033179962014866
}