{
  "eligible_completed_predictions": 60,
  "accuracy": 0.6,
  "log_loss": 0.9465612760736338,
  "multiclass_brier": 0.5671973479727334
}