{
  "eligible_completed_predictions": 36,
  "accuracy": 0.5555555555555556,
  "log_loss": 1.0067826211347786,
  "multiclass_brier": 0.6141650058391668
}