{
  "eligible_completed_predictions": 1,
  "accuracy": 0.0,
  "log_loss": 1.6229639786158228,
  "multiclass_brier": 1.133437478114
}