{
  "eligible_completed_predictions": 12,
  "accuracy": 0.3333333333333333,
  "log_loss": 1.2734127061668234,
  "multiclass_brier": 0.8115364051602499
}