{
  "eligible_completed_predictions": 28,
  "accuracy": 0.5357142857142857,
  "log_loss": 1.010781198092576,
  "multiclass_brier": 0.6158320736038213
}