{
  "eligible_completed_predictions": 10,
  "accuracy": 0.4,
  "log_loss": 1.2418401357327036,
  "multiclass_brier": 0.7809873648698
}