{
  "eligible_completed_predictions": 21,
  "accuracy": 0.47619047619047616,
  "log_loss": 1.1129823828962944,
  "multiclass_brier": 0.6908886416011905
}