{
  "eligible_completed_predictions": 34,
  "accuracy": 0.5588235294117647,
  "log_loss": 0.994620007599765,
  "multiclass_brier": 0.6035651954678236
}