{
  "eligible_completed_predictions": 13,
  "accuracy": 0.38461538461538464,
  "log_loss": 1.2151045055493834,
  "multiclass_brier": 0.7678887144686153
}