{
  "eligible_completed_predictions": 16,
  "accuracy": 0.5,
  "log_loss": 1.0860265461073069,
  "multiclass_brier": 0.6719193289118125
}