{
  "eligible_completed_predictions": 40,
  "accuracy": 0.6,
  "log_loss": 0.9637104358045251,
  "multiclass_brier": 0.582514398680925
}