{
  "eligible_completed_predictions": 52,
  "accuracy": 0.6153846153846154,
  "log_loss": 0.9423335004460631,
  "multiclass_brier": 0.5654313788160769
}