{
  "eligible_completed_predictions": 58,
  "accuracy": 0.603448275862069,
  "log_loss": 0.943515287234535,
  "multiclass_brier": 0.5653401341038793
}