{
  "eligible_completed_predictions": 22,
  "accuracy": 0.5,
  "log_loss": 1.0805052528639625,
  "multiclass_brier": 0.6669842381644091
}