{
  "eligible_completed_predictions": 25,
  "accuracy": 0.52,
  "log_loss": 1.0510249698851601,
  "multiclass_brier": 0.6453081233010001
}