{
  "eligible_completed_predictions": 20,
  "accuracy": 0.5,
  "log_loss": 1.1023299412214524,
  "multiclass_brier": 0.68326691744815
}