{
  "eligible_completed_predictions": 42,
  "accuracy": 0.5952380952380952,
  "log_loss": 0.9747227223519765,
  "multiclass_brier": 0.5923858486196666
}