{
  "eligible_completed_predictions": 32,
  "accuracy": 0.5625,
  "log_loss": 1.007991906986336,
  "multiclass_brier": 0.6135319208330625
}