{
  "eligible_completed_predictions": 5,
  "accuracy": 0.6,
  "log_loss": 0.9847632734603119,
  "multiclass_brier": 0.6083223056488001
}