{
  "eligible_completed_predictions": 18,
  "accuracy": 0.5,
  "log_loss": 1.0937377107525483,
  "multiclass_brier": 0.6806727483608334
}