{
  "eligible_completed_predictions": 56,
  "accuracy": 0.5892857142857143,
  "log_loss": 0.9567628575852429,
  "multiclass_brier": 0.5753309037133929
}